<?xml version="1.0" encoding="UTF-8"?>
<metadata xml:lang="nl"><Esri><CreaDate>20151005</CreaDate><CreaTime>16052000</CreaTime><ArcGISFormat>1.0</ArcGISFormat><ArcGISstyle>INSPIRE Metadata Directive</ArcGISstyle><SyncOnce>TRUE</SyncOnce><ModDate>20151105</ModDate><ModTime>105326</ModTime></Esri><toolbox name="xgrab" alias="XGRAB-TOOLS"><arcToolboxHelpPath>c:\program files (x86)\arcgis\desktop10.2\Help\gp</arcToolboxHelpPath><toolsets/></toolbox><dataIdInfo><idCitation><resTitle>xgrab</resTitle></idCitation></dataIdInfo><distInfo><distributor><distorFormat><formatName>ArcToolbox Toolbox</formatName></distorFormat></distributor></distInfo></metadata>
